<?xml version="1.0" encoding="UTF-8"?>
<project version="4">
  <component name="AutoImportSettings">
    <option name="autoReloadType" value="SELECTIVE" />
  </component>
  <component name="ChangeListManager">
    <list default="true" id="a4b62aae-09a5-49cd-b8db-a3004aca0df5" name="Changes" comment="" />
    <option name="SHOW_DIALOG" value="false" />
    <option name="HIGHLIGHT_CONFLICTS" value="true" />
    <option name="HIGHLIGHT_NON_ACTIVE_CHANGELIST" value="false" />
    <option name="LAST_RESOLUTION" value="IGNORE" />
  </component>
  <component name="FileTemplateManagerImpl">
    <option name="RECENT_TEMPLATES">
      <list>
        <option value="HTML File" />
      </list>
    </option>
  </component>
  <component name="ProjectColorInfo">{
  &quot;associatedIndex&quot;: 5
}</component>
  <component name="ProjectId" id="2u2Jma1GgCpQfKGgexGltFCWk4d" />
  <component name="ProjectViewState">
    <option name="hideEmptyMiddlePackages" value="true" />
    <option name="showLibraryContents" value="true" />
  </component>
  <component name="PropertiesComponent">{
  &quot;keyToString&quot;: {
    &quot;DefaultHtmlFileTemplate&quot;: &quot;HTML File&quot;,
    &quot;JavaScript Debug.MAIN.html.executor&quot;: &quot;Run&quot;,
    &quot;JavaScript Debug.O_MNIE.html.executor&quot;: &quot;Run&quot;,
    &quot;JavaScript Debug.Strona1.html.executor&quot;: &quot;Run&quot;,
    &quot;JavaScript Debug.Strona2.html.executor&quot;: &quot;Run&quot;,
    &quot;JavaScript Debug.Strona3.html.executor&quot;: &quot;Run&quot;,
    &quot;JavaScript Debug.TABLEAU.html.executor&quot;: &quot;Run&quot;,
    &quot;JavaScript Debug.Test.html.executor&quot;: &quot;Run&quot;,
    &quot;RunOnceActivity.ShowReadmeOnStart&quot;: &quot;true&quot;,
    &quot;node.js.detected.package.eslint&quot;: &quot;true&quot;,
    &quot;node.js.detected.package.tslint&quot;: &quot;true&quot;,
    &quot;node.js.selected.package.eslint&quot;: &quot;(autodetect)&quot;,
    &quot;node.js.selected.package.tslint&quot;: &quot;(autodetect)&quot;,
    &quot;nodejs_package_manager_path&quot;: &quot;npm&quot;,
    &quot;vue.rearranger.settings.migration&quot;: &quot;true&quot;
  }
}</component>
  <component name="SharedIndexes">
    <attachedChunks>
      <set>
        <option value="bundled-js-predefined-d6986cc7102b-1632447f56bf-JavaScript-WS-243.25659.40" />
      </set>
    </attachedChunks>
  </component>
  <component name="SpellCheckerSettings" RuntimeDictionaries="0" Folders="0" CustomDictionaries="0" DefaultDictionary="application-level" UseSingleDictionary="true" transferred="true" />
  <component name="TaskManager">
    <task active="true" id="Default" summary="Default task">
      <changelist id="a4b62aae-09a5-49cd-b8db-a3004aca0df5" name="Changes" comment="" />
      <created>1741440897491</created>
      <option name="number" value="Default" />
      <option name="presentableId" value="Default" />
      <updated>1741440897491</updated>
      <workItem from="1741440898445" duration="2740000" />
      <workItem from="1742718904020" duration="682000" />
      <workItem from="1743855760203" duration="3152000" />
      <workItem from="1743875811296" duration="118000" />
      <workItem from="1744563563775" duration="3846000" />
      <workItem from="1745061834884" duration="3062000" />
      <workItem from="1745425138808" duration="2352000" />
      <workItem from="1745434292662" duration="710000" />
      <workItem from="1746043869624" duration="1862000" />
      <workItem from="1746630353359" duration="10115000" />
      <workItem from="1746691022724" duration="1054000" />
      <workItem from="1746883804065" duration="20349000" />
      <workItem from="1747477041171" duration="893000" />
    </task>
    <servers />
  </component>
  <component name="TypeScriptGeneratedFilesManager">
    <option name="version" value="3" />
  </component>
</project>